kind,old_id,new_id,old_rel,new_rel
thumb,0159321e-cde8-41ee-939d-3db280e5d78e,019891ad-9dc1-7f81-8de0-d1117647e100,images/paintings/thumbnails/0159321e-cde8-41ee-939d-3db280e5d78e_thumb.png,images/paintings/thumbnails/019891ad-9dc1-7f81-8de0-d1117647e100_thumb.png
large,0159321e-cde8-41ee-939d-3db280e5d78e,019891ad-9dc1-7f81-8de0-d1117647e100,images/paintings/large/0159321e-cde8-41ee-939d-3db280e5d78e_large.png,images/paintings/large/019891ad-9dc1-7f81-8de0-d1117647e100_large.png
thumb,018923ea-79c3-4389-ac0f-f32c64fff64e,019891ad-9dc1-77a7-8723-97e9187cee13,images/paintings/thumbnails/018923ea-79c3-4389-ac0f-f32c64fff64e_thumb.png,images/paintings/thumbnails/019891ad-9dc1-77a7-8723-97e9187cee13_thumb.png
large,018923ea-79c3-4389-ac0f-f32c64fff64e,019891ad-9dc1-77a7-8723-97e9187cee13,images/paintings/large/018923ea-79c3-4389-ac0f-f32c64fff64e_large.png,images/paintings/large/019891ad-9dc1-77a7-8723-97e9187cee13_large.png
thumb,02f5188c-052e-42bb-a494-5149e48da432,019891ad-9dc1-707f-acff-6eff07705038,images/paintings/thumbnails/02f5188c-052e-42bb-a494-5149e48da432_thumb.png,images/paintings/thumbnails/019891ad-9dc1-707f-acff-6eff07705038_thumb.png
large,02f5188c-052e-42bb-a494-5149e48da432,019891ad-9dc1-707f-acff-6eff07705038,images/paintings/large/02f5188c-052e-42bb-a494-5149e48da432_large.png,images/paintings/large/019891ad-9dc1-707f-acff-6eff07705038_large.png
thumb,065f4af6-9b3d-4147-afc7-5afd599ec613,019891ad-9dc1-7f8c-8c57-8fbf6c579f85,images/paintings/thumbnails/065f4af6-9b3d-4147-afc7-5afd599ec613_thumb.png,images/paintings/thumbnails/019891ad-9dc1-7f8c-8c57-8fbf6c579f85_thumb.png
large,065f4af6-9b3d-4147-afc7-5afd599ec613,019891ad-9dc1-7f8c-8c57-8fbf6c579f85,images/paintings/large/065f4af6-9b3d-4147-afc7-5afd599ec613_large.png,images/paintings/large/019891ad-9dc1-7f8c-8c57-8fbf6c579f85_large.png
thumb,0a96cc39-3328-4489-9146-d08f24756c9d,019891ad-9dc1-7271-a0e2-6906eb9153ca,images/paintings/thumbnails/0a96cc39-3328-4489-9146-d08f24756c9d_thumb.png,images/paintings/thumbnails/019891ad-9dc1-7271-a0e2-6906eb9153ca_thumb.png
large,0a96cc39-3328-4489-9146-d08f24756c9d,019891ad-9dc1-7271-a0e2-6906eb9153ca,images/paintings/large/0a96cc39-3328-4489-9146-d08f24756c9d_large.png,images/paintings/large/019891ad-9dc1-7271-a0e2-6906eb9153ca_large.png
thumb,0b16d798-c035-40b0-b413-8b098d4e660f,019891ad-9dc1-763c-a32f-9bf39b34dd7c,images/paintings/thumbnails/0b16d798-c035-40b0-b413-8b098d4e660f_thumb.png,images/paintings/thumbnails/019891ad-9dc1-763c-a32f-9bf39b34dd7c_thumb.png
large,0b16d798-c035-40b0-b413-8b098d4e660f,019891ad-9dc1-763c-a32f-9bf39b34dd7c,images/paintings/large/0b16d798-c035-40b0-b413-8b098d4e660f_large.png,images/paintings/large/019891ad-9dc1-763c-a32f-9bf39b34dd7c_large.png
thumb,0baf3c3f-bdf1-4bd3-a960-fe0fcad057ce,019891ad-9dc1-7782-a578-40cf0c672ef0,images/paintings/thumbnails/0baf3c3f-bdf1-4bd3-a960-fe0fcad057ce_thumb.png,images/paintings/thumbnails/019891ad-9dc1-7782-a578-40cf0c672ef0_thumb.png
large,0baf3c3f-bdf1-4bd3-a960-fe0fcad057ce,019891ad-9dc1-7782-a578-40cf0c672ef0,images/paintings/large/0baf3c3f-bdf1-4bd3-a960-fe0fcad057ce_large.png,images/paintings/large/019891ad-9dc1-7782-a578-40cf0c672ef0_large.png
thumb,0bc70442-f6eb-4d89-83c2-3199dd35a142,019891ad-9dc1-75ee-b09a-fb2eb6bf040d,images/paintings/thumbnails/0bc70442-f6eb-4d89-83c2-3199dd35a142_thumb.png,images/paintings/thumbnails/019891ad-9dc1-75ee-b09a-fb2eb6bf040d_thumb.png
large,0bc70442-f6eb-4d89-83c2-3199dd35a142,019891ad-9dc1-75ee-b09a-fb2eb6bf040d,images/paintings/large/0bc70442-f6eb-4d89-83c2-3199dd35a142_large.png,images/paintings/large/019891ad-9dc1-75ee-b09a-fb2eb6bf040d_large.png
thumb,0c1fe5f3-9872-4f88-867f-6340b205e85c,019891ad-9dc1-77f2-983e-5daf5374a403,images/paintings/thumbnails/0c1fe5f3-9872-4f88-867f-6340b205e85c_thumb.png,images/paintings/thumbnails/019891ad-9dc1-77f2-983e-5daf5374a403_thumb.png
large,0c1fe5f3-9872-4f88-867f-6340b205e85c,019891ad-9dc1-77f2-983e-5daf5374a403,images/paintings/large/0c1fe5f3-9872-4f88-867f-6340b205e85c_large.png,images/paintings/large/019891ad-9dc1-77f2-983e-5daf5374a403_large.png
thumb,0df7f205-a75a-4a07-9b38-f04efd5674e1,019891ad-9dc1-74dd-90cd-b0b9aacfb06f,images/paintings/thumbnails/0df7f205-a75a-4a07-9b38-f04efd5674e1_thumb.png,images/paintings/thumbnails/019891ad-9dc1-74dd-90cd-b0b9aacfb06f_thumb.png
large,0df7f205-a75a-4a07-9b38-f04efd5674e1,019891ad-9dc1-74dd-90cd-b0b9aacfb06f,images/paintings/large/0df7f205-a75a-4a07-9b38-f04efd5674e1_large.png,images/paintings/large/019891ad-9dc1-74dd-90cd-b0b9aacfb06f_large.png
thumb,19ae7004-06f4-4fdb-93c8-7aced613b46d,019891ad-9dc1-750d-94b5-423ed3244a54,images/paintings/thumbnails/19ae7004-06f4-4fdb-93c8-7aced613b46d_thumb.png,images/paintings/thumbnails/019891ad-9dc1-750d-94b5-423ed3244a54_thumb.png
large,19ae7004-06f4-4fdb-93c8-7aced613b46d,019891ad-9dc1-750d-94b5-423ed3244a54,images/paintings/large/19ae7004-06f4-4fdb-93c8-7aced613b46d_large.png,images/paintings/large/019891ad-9dc1-750d-94b5-423ed3244a54_large.png
thumb,1bb57edf-96c1-44d5-8b25-91f158fbec33,019891ad-9dc1-78a2-a504-bc898fb52be1,images/paintings/thumbnails/1bb57edf-96c1-44d5-8b25-91f158fbec33_thumb.png,images/paintings/thumbnails/019891ad-9dc1-78a2-a504-bc898fb52be1_thumb.png
large,1bb57edf-96c1-44d5-8b25-91f158fbec33,019891ad-9dc1-78a2-a504-bc898fb52be1,images/paintings/large/1bb57edf-96c1-44d5-8b25-91f158fbec33_large.png,images/paintings/large/019891ad-9dc1-78a2-a504-bc898fb52be1_large.png
thumb,1eb801ae-c68e-4296-b36c-90fc7be6e0d0,019891ad-9dc1-78f4-8b55-742c8df7b9e7,images/paintings/thumbnails/1eb801ae-c68e-4296-b36c-90fc7be6e0d0_thumb.png,images/paintings/thumbnails/019891ad-9dc1-78f4-8b55-742c8df7b9e7_thumb.png
large,1eb801ae-c68e-4296-b36c-90fc7be6e0d0,019891ad-9dc1-78f4-8b55-742c8df7b9e7,images/paintings/large/1eb801ae-c68e-4296-b36c-90fc7be6e0d0_large.png,images/paintings/large/019891ad-9dc1-78f4-8b55-742c8df7b9e7_large.png
thumb,20a7bc7d-d2bf-4dd8-bb6b-9c1b9ab55412,019891ad-9dc1-7f84-8d09-d04f968911aa,images/paintings/thumbnails/20a7bc7d-d2bf-4dd8-bb6b-9c1b9ab55412_thumb.png,images/paintings/thumbnails/019891ad-9dc1-7f84-8d09-d04f968911aa_thumb.png
large,20a7bc7d-d2bf-4dd8-bb6b-9c1b9ab55412,019891ad-9dc1-7f84-8d09-d04f968911aa,images/paintings/large/20a7bc7d-d2bf-4dd8-bb6b-9c1b9ab55412_large.png,images/paintings/large/019891ad-9dc1-7f84-8d09-d04f968911aa_large.png
thumb,24d5bb70-8767-4e49-ac34-50253efa856d,019891ad-9dc1-745c-af77-459246d0b59f,images/paintings/thumbnails/24d5bb70-8767-4e49-ac34-50253efa856d_thumb.png,images/paintings/thumbnails/019891ad-9dc1-745c-af77-459246d0b59f_thumb.png
large,24d5bb70-8767-4e49-ac34-50253efa856d,019891ad-9dc1-745c-af77-459246d0b59f,images/paintings/large/24d5bb70-8767-4e49-ac34-50253efa856d_large.png,images/paintings/large/019891ad-9dc1-745c-af77-459246d0b59f_large.png
thumb,2529a609-b623-470b-84c4-d9c2c4cffc38,019891ad-9dc1-7308-ac20-88d058da0829,images/paintings/thumbnails/2529a609-b623-470b-84c4-d9c2c4cffc38_thumb.png,images/paintings/thumbnails/019891ad-9dc1-7308-ac20-88d058da0829_thumb.png
large,2529a609-b623-470b-84c4-d9c2c4cffc38,019891ad-9dc1-7308-ac20-88d058da0829,images/paintings/large/2529a609-b623-470b-84c4-d9c2c4cffc38_large.png,images/paintings/large/019891ad-9dc1-7308-ac20-88d058da0829_large.png
thumb,271b5b36-20ea-4561-9f51-f9f68d1ff5fd,019891ad-9dc1-7548-ab74-a01bd7b44bb8,images/paintings/thumbnails/271b5b36-20ea-4561-9f51-f9f68d1ff5fd_thumb.png,images/paintings/thumbnails/019891ad-9dc1-7548-ab74-a01bd7b44bb8_thumb.png
large,271b5b36-20ea-4561-9f51-f9f68d1ff5fd,019891ad-9dc1-7548-ab74-a01bd7b44bb8,images/paintings/large/271b5b36-20ea-4561-9f51-f9f68d1ff5fd_large.png,images/paintings/large/019891ad-9dc1-7548-ab74-a01bd7b44bb8_large.png
thumb,2cad2577-fb0b-4c85-959a-84f6b9c27d4b,019891ad-9dc1-7dda-a9f4-e35e5577ae0e,images/paintings/thumbnails/2cad2577-fb0b-4c85-959a-84f6b9c27d4b_thumb.png,images/paintings/thumbnails/019891ad-9dc1-7dda-a9f4-e35e5577ae0e_thumb.png
large,2cad2577-fb0b-4c85-959a-84f6b9c27d4b,019891ad-9dc1-7dda-a9f4-e35e5577ae0e,images/paintings/large/2cad2577-fb0b-4c85-959a-84f6b9c27d4b_large.png,images/paintings/large/019891ad-9dc1-7dda-a9f4-e35e5577ae0e_large.png
thumb,2d328302-266b-4092-ae32-8ae203236471,019891ad-9dc1-79d5-9260-5df0d8bf6d58,images/paintings/thumbnails/2d328302-266b-4092-ae32-8ae203236471_thumb.png,images/paintings/thumbnails/019891ad-9dc1-79d5-9260-5df0d8bf6d58_thumb.png
large,2d328302-266b-4092-ae32-8ae203236471,019891ad-9dc1-79d5-9260-5df0d8bf6d58,images/paintings/large/2d328302-266b-4092-ae32-8ae203236471_large.png,images/paintings/large/019891ad-9dc1-79d5-9260-5df0d8bf6d58_large.png
thumb,30f308a9-af2a-403a-b59e-e36a17cd7ecc,019891ad-9dc1-7703-96b0-e9cf34784592,images/paintings/thumbnails/30f308a9-af2a-403a-b59e-e36a17cd7ecc_thumb.png,images/paintings/thumbnails/019891ad-9dc1-7703-96b0-e9cf34784592_thumb.png
large,30f308a9-af2a-403a-b59e-e36a17cd7ecc,019891ad-9dc1-7703-96b0-e9cf34784592,images/paintings/large/30f308a9-af2a-403a-b59e-e36a17cd7ecc_large.png,images/paintings/large/019891ad-9dc1-7703-96b0-e9cf34784592_large.png
thumb,32bfeebe-47b6-49b9-9e9e-292808cae6df,019891ad-9dc1-70f0-8d89-d26ae2c16dbb,images/paintings/thumbnails/32bfeebe-47b6-49b9-9e9e-292808cae6df_thumb.png,images/paintings/thumbnails/019891ad-9dc1-70f0-8d89-d26ae2c16dbb_thumb.png
large,32bfeebe-47b6-49b9-9e9e-292808cae6df,019891ad-9dc1-70f0-8d89-d26ae2c16dbb,images/paintings/large/32bfeebe-47b6-49b9-9e9e-292808cae6df_large.png,images/paintings/large/019891ad-9dc1-70f0-8d89-d26ae2c16dbb_large.png
thumb,3b452180-d3e7-41d1-9a06-445f00752b2f,019891ad-9dc1-7884-9342-9d00376dc7f0,images/paintings/thumbnails/3b452180-d3e7-41d1-9a06-445f00752b2f_thumb.png,images/paintings/thumbnails/019891ad-9dc1-7884-9342-9d00376dc7f0_thumb.png
large,3b452180-d3e7-41d1-9a06-445f00752b2f,019891ad-9dc1-7884-9342-9d00376dc7f0,images/paintings/large/3b452180-d3e7-41d1-9a06-445f00752b2f_large.png,images/paintings/large/019891ad-9dc1-7884-9342-9d00376dc7f0_large.png
thumb,46ffe967-7117-4aeb-a23a-68c50b4d3562,019891ad-9dc1-7671-8aab-396f32f665ba,images/paintings/thumbnails/46ffe967-7117-4aeb-a23a-68c50b4d3562_thumb.png,images/paintings/thumbnails/019891ad-9dc1-7671-8aab-396f32f665ba_thumb.png
large,46ffe967-7117-4aeb-a23a-68c50b4d3562,019891ad-9dc1-7671-8aab-396f32f665ba,images/paintings/large/46ffe967-7117-4aeb-a23a-68c50b4d3562_large.png,images/paintings/large/019891ad-9dc1-7671-8aab-396f32f665ba_large.png
thumb,4d4967a0-1785-4049-9a81-860e48569850,019891ad-9dc1-7c0d-b295-1072c6d8f04a,images/paintings/thumbnails/4d4967a0-1785-4049-9a81-860e48569850_thumb.png,images/paintings/thumbnails/019891ad-9dc1-7c0d-b295-1072c6d8f04a_thumb.png
large,4d4967a0-1785-4049-9a81-860e48569850,019891ad-9dc1-7c0d-b295-1072c6d8f04a,images/paintings/large/4d4967a0-1785-4049-9a81-860e48569850_large.png,images/paintings/large/019891ad-9dc1-7c0d-b295-1072c6d8f04a_large.png
thumb,4e9d9c41-ad67-4e13-a4c4-c51dde29b3e8,019891ad-9dc1-7a4d-905e-94a3d23dc038,images/paintings/thumbnails/4e9d9c41-ad67-4e13-a4c4-c51dde29b3e8_thumb.png,images/paintings/thumbnails/019891ad-9dc1-7a4d-905e-94a3d23dc038_thumb.png
large,4e9d9c41-ad67-4e13-a4c4-c51dde29b3e8,019891ad-9dc1-7a4d-905e-94a3d23dc038,images/paintings/large/4e9d9c41-ad67-4e13-a4c4-c51dde29b3e8_large.png,images/paintings/large/019891ad-9dc1-7a4d-905e-94a3d23dc038_large.png
thumb,4f4493cb-c4ed-4670-bc36-5be0dbf6667c,019891ad-9dc1-788d-8355-b712c8fcb40c,images/paintings/thumbnails/4f4493cb-c4ed-4670-bc36-5be0dbf6667c_thumb.png,images/paintings/thumbnails/019891ad-9dc1-788d-8355-b712c8fcb40c_thumb.png
large,4f4493cb-c4ed-4670-bc36-5be0dbf6667c,019891ad-9dc1-788d-8355-b712c8fcb40c,images/paintings/large/4f4493cb-c4ed-4670-bc36-5be0dbf6667c_large.png,images/paintings/large/019891ad-9dc1-788d-8355-b712c8fcb40c_large.png
thumb,53c3b157-1696-4e48-91dd-4a62a8e8950e,019891ad-9dc1-7b7e-90b0-e335f49460d6,images/paintings/thumbnails/53c3b157-1696-4e48-91dd-4a62a8e8950e_thumb.png,images/paintings/thumbnails/019891ad-9dc1-7b7e-90b0-e335f49460d6_thumb.png
large,53c3b157-1696-4e48-91dd-4a62a8e8950e,019891ad-9dc1-7b7e-90b0-e335f49460d6,images/paintings/large/53c3b157-1696-4e48-91dd-4a62a8e8950e_large.png,images/paintings/large/019891ad-9dc1-7b7e-90b0-e335f49460d6_large.png
thumb,53d368b3-9188-44cf-a26a-32864ac7e087,019891ad-9dc1-785c-871a-cf752423e1d1,images/paintings/thumbnails/53d368b3-9188-44cf-a26a-32864ac7e087_thumb.png,images/paintings/thumbnails/019891ad-9dc1-785c-871a-cf752423e1d1_thumb.png
large,53d368b3-9188-44cf-a26a-32864ac7e087,019891ad-9dc1-785c-871a-cf752423e1d1,images/paintings/large/53d368b3-9188-44cf-a26a-32864ac7e087_large.png,images/paintings/large/019891ad-9dc1-785c-871a-cf752423e1d1_large.png
thumb,5546b328-5ac4-4f7d-918e-2f802d309d93,019891ad-9dc1-71e0-9cef-c900dc125182,images/paintings/thumbnails/5546b328-5ac4-4f7d-918e-2f802d309d93_thumb.png,images/paintings/thumbnails/019891ad-9dc1-71e0-9cef-c900dc125182_thumb.png
large,5546b328-5ac4-4f7d-918e-2f802d309d93,019891ad-9dc1-71e0-9cef-c900dc125182,images/paintings/large/5546b328-5ac4-4f7d-918e-2f802d309d93_large.png,images/paintings/large/019891ad-9dc1-71e0-9cef-c900dc125182_large.png
thumb,56e0c88e-de7b-4631-bce9-f01717d925f6,019891ad-9dc1-7560-aeb5-4f208e5eadea,images/paintings/thumbnails/56e0c88e-de7b-4631-bce9-f01717d925f6_thumb.png,images/paintings/thumbnails/019891ad-9dc1-7560-aeb5-4f208e5eadea_thumb.png
large,56e0c88e-de7b-4631-bce9-f01717d925f6,019891ad-9dc1-7560-aeb5-4f208e5eadea,images/paintings/large/56e0c88e-de7b-4631-bce9-f01717d925f6_large.png,images/paintings/large/019891ad-9dc1-7560-aeb5-4f208e5eadea_large.png
thumb,5c7e590a-7a7e-490d-b6d2-b6627bec1ab0,019891ad-9dc1-7fe4-ad13-efe1dfe70803,images/paintings/thumbnails/5c7e590a-7a7e-490d-b6d2-b6627bec1ab0_thumb.png,images/paintings/thumbnails/019891ad-9dc1-7fe4-ad13-efe1dfe70803_thumb.png
large,5c7e590a-7a7e-490d-b6d2-b6627bec1ab0,019891ad-9dc1-7fe4-ad13-efe1dfe70803,images/paintings/large/5c7e590a-7a7e-490d-b6d2-b6627bec1ab0_large.png,images/paintings/large/019891ad-9dc1-7fe4-ad13-efe1dfe70803_large.png
thumb,5e39668a-c1f2-4a85-a22f-2005090ca53f,019891ad-9dc1-70e7-9fef-8dd19a5d16e9,images/paintings/thumbnails/5e39668a-c1f2-4a85-a22f-2005090ca53f_thumb.png,images/paintings/thumbnails/019891ad-9dc1-70e7-9fef-8dd19a5d16e9_thumb.png
large,5e39668a-c1f2-4a85-a22f-2005090ca53f,019891ad-9dc1-70e7-9fef-8dd19a5d16e9,images/paintings/large/5e39668a-c1f2-4a85-a22f-2005090ca53f_large.png,images/paintings/large/019891ad-9dc1-70e7-9fef-8dd19a5d16e9_large.png
thumb,5f69e641-f3f9-413b-aaf6-fb9207513f1d,019891ad-9dc1-77f5-9694-0d5d88931afc,images/paintings/thumbnails/5f69e641-f3f9-413b-aaf6-fb9207513f1d_thumb.png,images/paintings/thumbnails/019891ad-9dc1-77f5-9694-0d5d88931afc_thumb.png
large,5f69e641-f3f9-413b-aaf6-fb9207513f1d,019891ad-9dc1-77f5-9694-0d5d88931afc,images/paintings/large/5f69e641-f3f9-413b-aaf6-fb9207513f1d_large.png,images/paintings/large/019891ad-9dc1-77f5-9694-0d5d88931afc_large.png
thumb,5f6dbfc4-923e-4d48-8899-5742a39af788,019891ad-9dc1-7849-87e5-f1f841cfe289,images/paintings/thumbnails/5f6dbfc4-923e-4d48-8899-5742a39af788_thumb.png,images/paintings/thumbnails/019891ad-9dc1-7849-87e5-f1f841cfe289_thumb.png
large,5f6dbfc4-923e-4d48-8899-5742a39af788,019891ad-9dc1-7849-87e5-f1f841cfe289,images/paintings/large/5f6dbfc4-923e-4d48-8899-5742a39af788_large.png,images/paintings/large/019891ad-9dc1-7849-87e5-f1f841cfe289_large.png
thumb,60c9700d-c3b1-4365-8a7f-0509de9221b5,019891ad-9dc1-7f1d-9526-8f71d547ffc3,images/paintings/thumbnails/60c9700d-c3b1-4365-8a7f-0509de9221b5_thumb.png,images/paintings/thumbnails/019891ad-9dc1-7f1d-9526-8f71d547ffc3_thumb.png
large,60c9700d-c3b1-4365-8a7f-0509de9221b5,019891ad-9dc1-7f1d-9526-8f71d547ffc3,images/paintings/large/60c9700d-c3b1-4365-8a7f-0509de9221b5_large.png,images/paintings/large/019891ad-9dc1-7f1d-9526-8f71d547ffc3_large.png
thumb,655a69f1-4a4e-4ad2-8c6b-56690ceb6921,019891ad-9dc1-7e12-8d96-4e4debf71c4c,images/paintings/thumbnails/655a69f1-4a4e-4ad2-8c6b-56690ceb6921_thumb.png,images/paintings/thumbnails/019891ad-9dc1-7e12-8d96-4e4debf71c4c_thumb.png
large,655a69f1-4a4e-4ad2-8c6b-56690ceb6921,019891ad-9dc1-7e12-8d96-4e4debf71c4c,images/paintings/large/655a69f1-4a4e-4ad2-8c6b-56690ceb6921_large.png,images/paintings/large/019891ad-9dc1-7e12-8d96-4e4debf71c4c_large.png
thumb,6957d676-d107-497c-a4a4-058b0a7c50d9,019891ad-9dc1-7077-a775-402c7164bd07,images/paintings/thumbnails/6957d676-d107-497c-a4a4-058b0a7c50d9_thumb.png,images/paintings/thumbnails/019891ad-9dc1-7077-a775-402c7164bd07_thumb.png
large,6957d676-d107-497c-a4a4-058b0a7c50d9,019891ad-9dc1-7077-a775-402c7164bd07,images/paintings/large/6957d676-d107-497c-a4a4-058b0a7c50d9_large.png,images/paintings/large/019891ad-9dc1-7077-a775-402c7164bd07_large.png
thumb,6eb484a5-cb02-45c7-a38e-0260114d382f,019891ad-9dc1-7132-bc30-50ed6377f68b,images/paintings/thumbnails/6eb484a5-cb02-45c7-a38e-0260114d382f_thumb.png,images/paintings/thumbnails/019891ad-9dc1-7132-bc30-50ed6377f68b_thumb.png
large,6eb484a5-cb02-45c7-a38e-0260114d382f,019891ad-9dc1-7132-bc30-50ed6377f68b,images/paintings/large/6eb484a5-cb02-45c7-a38e-0260114d382f_large.png,images/paintings/large/019891ad-9dc1-7132-bc30-50ed6377f68b_large.png
thumb,704bf18e-4515-4d02-8fc6-4cee01cf84de,019891ad-9dc1-7540-8310-039cca14a9ea,images/paintings/thumbnails/704bf18e-4515-4d02-8fc6-4cee01cf84de_thumb.png,images/paintings/thumbnails/019891ad-9dc1-7540-8310-039cca14a9ea_thumb.png
large,704bf18e-4515-4d02-8fc6-4cee01cf84de,019891ad-9dc1-7540-8310-039cca14a9ea,images/paintings/large/704bf18e-4515-4d02-8fc6-4cee01cf84de_large.png,images/paintings/large/019891ad-9dc1-7540-8310-039cca14a9ea_large.png
thumb,7287cec9-be15-4f23-b4b4-3f65b9913bf7,019891ad-9dc1-7982-b429-9f5b6f6c3673,images/paintings/thumbnails/7287cec9-be15-4f23-b4b4-3f65b9913bf7_thumb.png,images/paintings/thumbnails/019891ad-9dc1-7982-b429-9f5b6f6c3673_thumb.png
large,7287cec9-be15-4f23-b4b4-3f65b9913bf7,019891ad-9dc1-7982-b429-9f5b6f6c3673,images/paintings/large/7287cec9-be15-4f23-b4b4-3f65b9913bf7_large.png,images/paintings/large/019891ad-9dc1-7982-b429-9f5b6f6c3673_large.png
thumb,738cc4d3-28be-443e-9e96-83b4e0a4cab9,019891ad-9dc1-7be4-84c4-b3fe297a3cf4,images/paintings/thumbnails/738cc4d3-28be-443e-9e96-83b4e0a4cab9_thumb.png,images/paintings/thumbnails/019891ad-9dc1-7be4-84c4-b3fe297a3cf4_thumb.png
large,738cc4d3-28be-443e-9e96-83b4e0a4cab9,019891ad-9dc1-7be4-84c4-b3fe297a3cf4,images/paintings/large/738cc4d3-28be-443e-9e96-83b4e0a4cab9_large.png,images/paintings/large/019891ad-9dc1-7be4-84c4-b3fe297a3cf4_large.png
thumb,763c7a0d-bd6b-486b-9cfd-0c86577703ba,019891ad-9dc1-7d7e-97c8-03f978c61b49,images/paintings/thumbnails/763c7a0d-bd6b-486b-9cfd-0c86577703ba_thumb.png,images/paintings/thumbnails/019891ad-9dc1-7d7e-97c8-03f978c61b49_thumb.png
large,763c7a0d-bd6b-486b-9cfd-0c86577703ba,019891ad-9dc1-7d7e-97c8-03f978c61b49,images/paintings/large/763c7a0d-bd6b-486b-9cfd-0c86577703ba_large.png,images/paintings/large/019891ad-9dc1-7d7e-97c8-03f978c61b49_large.png
thumb,7a3751fe-7695-43b1-bf55-f1c780f80df5,019891ad-9dc1-75df-89b6-b247fd0447a6,images/paintings/thumbnails/7a3751fe-7695-43b1-bf55-f1c780f80df5_thumb.png,images/paintings/thumbnails/019891ad-9dc1-75df-89b6-b247fd0447a6_thumb.png
large,7a3751fe-7695-43b1-bf55-f1c780f80df5,019891ad-9dc1-75df-89b6-b247fd0447a6,images/paintings/large/7a3751fe-7695-43b1-bf55-f1c780f80df5_large.png,images/paintings/large/019891ad-9dc1-75df-89b6-b247fd0447a6_large.png
thumb,8655b31b-011b-4248-912f-775564a49622,019891ad-9dc1-7457-89b3-cdbe2a61a896,images/paintings/thumbnails/8655b31b-011b-4248-912f-775564a49622_thumb.png,images/paintings/thumbnails/019891ad-9dc1-7457-89b3-cdbe2a61a896_thumb.png
large,8655b31b-011b-4248-912f-775564a49622,019891ad-9dc1-7457-89b3-cdbe2a61a896,images/paintings/large/8655b31b-011b-4248-912f-775564a49622_large.png,images/paintings/large/019891ad-9dc1-7457-89b3-cdbe2a61a896_large.png
thumb,8b064143-0101-414f-a3d3-d88b333063e8,019891ad-9dc1-7057-9e4e-71c71d64f9d5,images/paintings/thumbnails/8b064143-0101-414f-a3d3-d88b333063e8_thumb.png,images/paintings/thumbnails/019891ad-9dc1-7057-9e4e-71c71d64f9d5_thumb.png
large,8b064143-0101-414f-a3d3-d88b333063e8,019891ad-9dc1-7057-9e4e-71c71d64f9d5,images/paintings/large/8b064143-0101-414f-a3d3-d88b333063e8_large.png,images/paintings/large/019891ad-9dc1-7057-9e4e-71c71d64f9d5_large.png
thumb,8be0ec21-fca6-4189-a6e6-e4d2900990e1,019891ad-9dc1-7d5f-ac4f-0945cbed32d3,images/paintings/thumbnails/8be0ec21-fca6-4189-a6e6-e4d2900990e1_thumb.png,images/paintings/thumbnails/019891ad-9dc1-7d5f-ac4f-0945cbed32d3_thumb.png
large,8be0ec21-fca6-4189-a6e6-e4d2900990e1,019891ad-9dc1-7d5f-ac4f-0945cbed32d3,images/paintings/large/8be0ec21-fca6-4189-a6e6-e4d2900990e1_large.png,images/paintings/large/019891ad-9dc1-7d5f-ac4f-0945cbed32d3_large.png
thumb,8e376404-dfaf-4918-bcf8-e88c80187370,019891ad-9dc1-74ae-96de-036aa587ceba,images/paintings/thumbnails/8e376404-dfaf-4918-bcf8-e88c80187370_thumb.png,images/paintings/thumbnails/019891ad-9dc1-74ae-96de-036aa587ceba_thumb.png
large,8e376404-dfaf-4918-bcf8-e88c80187370,019891ad-9dc1-74ae-96de-036aa587ceba,images/paintings/large/8e376404-dfaf-4918-bcf8-e88c80187370_large.png,images/paintings/large/019891ad-9dc1-74ae-96de-036aa587ceba_large.png
thumb,91801ed6-49dc-4686-98f8-5487abc7293d,019891ad-9dc1-7e79-9178-177b1b338cf0,images/paintings/thumbnails/91801ed6-49dc-4686-98f8-5487abc7293d_thumb.png,images/paintings/thumbnails/019891ad-9dc1-7e79-9178-177b1b338cf0_thumb.png
large,91801ed6-49dc-4686-98f8-5487abc7293d,019891ad-9dc1-7e79-9178-177b1b338cf0,images/paintings/large/91801ed6-49dc-4686-98f8-5487abc7293d_large.png,images/paintings/large/019891ad-9dc1-7e79-9178-177b1b338cf0_large.png
thumb,942d5c7c-a02f-4857-aaf8-e02a54f7016d,019891ad-9dc1-7327-ad4b-ac2f9f2819ad,images/paintings/thumbnails/942d5c7c-a02f-4857-aaf8-e02a54f7016d_thumb.png,images/paintings/thumbnails/019891ad-9dc1-7327-ad4b-ac2f9f2819ad_thumb.png
large,942d5c7c-a02f-4857-aaf8-e02a54f7016d,019891ad-9dc1-7327-ad4b-ac2f9f2819ad,images/paintings/large/942d5c7c-a02f-4857-aaf8-e02a54f7016d_large.png,images/paintings/large/019891ad-9dc1-7327-ad4b-ac2f9f2819ad_large.png
thumb,963dac0a-8db0-423c-87ac-27cdafd7ef81,019891ad-9dc1-7655-a9a7-c933ad4d704d,images/paintings/thumbnails/963dac0a-8db0-423c-87ac-27cdafd7ef81_thumb.png,images/paintings/thumbnails/019891ad-9dc1-7655-a9a7-c933ad4d704d_thumb.png
large,963dac0a-8db0-423c-87ac-27cdafd7ef81,019891ad-9dc1-7655-a9a7-c933ad4d704d,images/paintings/large/963dac0a-8db0-423c-87ac-27cdafd7ef81_large.png,images/paintings/large/019891ad-9dc1-7655-a9a7-c933ad4d704d_large.png
thumb,98c8ffe3-47c5-4e84-acb7-3f4efb47ddb0,019891ad-9dc1-7ea2-bfe6-7435588aa1f6,images/paintings/thumbnails/98c8ffe3-47c5-4e84-acb7-3f4efb47ddb0_thumb.png,images/paintings/thumbnails/019891ad-9dc1-7ea2-bfe6-7435588aa1f6_thumb.png
large,98c8ffe3-47c5-4e84-acb7-3f4efb47ddb0,019891ad-9dc1-7ea2-bfe6-7435588aa1f6,images/paintings/large/98c8ffe3-47c5-4e84-acb7-3f4efb47ddb0_large.png,images/paintings/large/019891ad-9dc1-7ea2-bfe6-7435588aa1f6_large.png
thumb,9b0cbf40-08e2-4b2e-9ba8-89ed2800e309,019891ad-9dc1-7621-9e0f-a657df1491f4,images/paintings/thumbnails/9b0cbf40-08e2-4b2e-9ba8-89ed2800e309_thumb.png,images/paintings/thumbnails/019891ad-9dc1-7621-9e0f-a657df1491f4_thumb.png
large,9b0cbf40-08e2-4b2e-9ba8-89ed2800e309,019891ad-9dc1-7621-9e0f-a657df1491f4,images/paintings/large/9b0cbf40-08e2-4b2e-9ba8-89ed2800e309_large.png,images/paintings/large/019891ad-9dc1-7621-9e0f-a657df1491f4_large.png
thumb,9b535349-8289-422d-bec8-64a42fabe44d,019891ad-9dc1-7bc3-bdc9-b513e036fdac,images/paintings/thumbnails/9b535349-8289-422d-bec8-64a42fabe44d_thumb.png,images/paintings/thumbnails/019891ad-9dc1-7bc3-bdc9-b513e036fdac_thumb.png
large,9b535349-8289-422d-bec8-64a42fabe44d,019891ad-9dc1-7bc3-bdc9-b513e036fdac,images/paintings/large/9b535349-8289-422d-bec8-64a42fabe44d_large.png,images/paintings/large/019891ad-9dc1-7bc3-bdc9-b513e036fdac_large.png
thumb,9e53ffe1-6c98-454d-983d-d6e47aaec161,019891ad-9dc1-7f84-90bd-7711bb132de5,images/paintings/thumbnails/9e53ffe1-6c98-454d-983d-d6e47aaec161_thumb.png,images/paintings/thumbnails/019891ad-9dc1-7f84-90bd-7711bb132de5_thumb.png
large,9e53ffe1-6c98-454d-983d-d6e47aaec161,019891ad-9dc1-7f84-90bd-7711bb132de5,images/paintings/large/9e53ffe1-6c98-454d-983d-d6e47aaec161_large.png,images/paintings/large/019891ad-9dc1-7f84-90bd-7711bb132de5_large.png
thumb,a4684d75-9fac-4c16-999c-3dff9857bba8,019891ad-9dc1-7b08-a0a9-36acfc5a5dc4,images/paintings/thumbnails/a4684d75-9fac-4c16-999c-3dff9857bba8_thumb.png,images/paintings/thumbnails/019891ad-9dc1-7b08-a0a9-36acfc5a5dc4_thumb.png
large,a4684d75-9fac-4c16-999c-3dff9857bba8,019891ad-9dc1-7b08-a0a9-36acfc5a5dc4,images/paintings/large/a4684d75-9fac-4c16-999c-3dff9857bba8_large.png,images/paintings/large/019891ad-9dc1-7b08-a0a9-36acfc5a5dc4_large.png
thumb,ab6860f5-ac63-4a0d-abc8-e4ba5bb2df33,019891ad-9dc1-7bcc-b491-0e7a41c53c48,images/paintings/thumbnails/ab6860f5-ac63-4a0d-abc8-e4ba5bb2df33_thumb.png,images/paintings/thumbnails/019891ad-9dc1-7bcc-b491-0e7a41c53c48_thumb.png
large,ab6860f5-ac63-4a0d-abc8-e4ba5bb2df33,019891ad-9dc1-7bcc-b491-0e7a41c53c48,images/paintings/large/ab6860f5-ac63-4a0d-abc8-e4ba5bb2df33_large.png,images/paintings/large/019891ad-9dc1-7bcc-b491-0e7a41c53c48_large.png
thumb,abf7e119-c409-4b01-a1c3-767cf5213a16,019891ad-9dc1-72e7-9427-db43122e6fa4,images/paintings/thumbnails/abf7e119-c409-4b01-a1c3-767cf5213a16_thumb.png,images/paintings/thumbnails/019891ad-9dc1-72e7-9427-db43122e6fa4_thumb.png
large,abf7e119-c409-4b01-a1c3-767cf5213a16,019891ad-9dc1-72e7-9427-db43122e6fa4,images/paintings/large/abf7e119-c409-4b01-a1c3-767cf5213a16_large.png,images/paintings/large/019891ad-9dc1-72e7-9427-db43122e6fa4_large.png
thumb,adb60e54-3370-4887-895f-92e64f109ffa,019891ad-9dc1-7d09-ba47-6001aae1ad5e,images/paintings/thumbnails/adb60e54-3370-4887-895f-92e64f109ffa_thumb.png,images/paintings/thumbnails/019891ad-9dc1-7d09-ba47-6001aae1ad5e_thumb.png
large,adb60e54-3370-4887-895f-92e64f109ffa,019891ad-9dc1-7d09-ba47-6001aae1ad5e,images/paintings/large/adb60e54-3370-4887-895f-92e64f109ffa_large.png,images/paintings/large/019891ad-9dc1-7d09-ba47-6001aae1ad5e_large.png
thumb,b2b2a296-332a-43b4-8626-915fc04d20d4,019891ad-9dc1-749b-a4d1-d7f3aa60efc4,images/paintings/thumbnails/b2b2a296-332a-43b4-8626-915fc04d20d4_thumb.png,images/paintings/thumbnails/019891ad-9dc1-749b-a4d1-d7f3aa60efc4_thumb.png
large,b2b2a296-332a-43b4-8626-915fc04d20d4,019891ad-9dc1-749b-a4d1-d7f3aa60efc4,images/paintings/large/b2b2a296-332a-43b4-8626-915fc04d20d4_large.png,images/paintings/large/019891ad-9dc1-749b-a4d1-d7f3aa60efc4_large.png
thumb,b4071d2f-3df8-466e-a5aa-beb6400de7a9,019891ad-9dc1-714b-9213-560e94d7d401,images/paintings/thumbnails/b4071d2f-3df8-466e-a5aa-beb6400de7a9_thumb.png,images/paintings/thumbnails/019891ad-9dc1-714b-9213-560e94d7d401_thumb.png
large,b4071d2f-3df8-466e-a5aa-beb6400de7a9,019891ad-9dc1-714b-9213-560e94d7d401,images/paintings/large/b4071d2f-3df8-466e-a5aa-beb6400de7a9_large.png,images/paintings/large/019891ad-9dc1-714b-9213-560e94d7d401_large.png
thumb,b96d9505-9871-4e8a-9c2c-af59ccbf84d2,019891ad-9dc1-7461-9253-b5825d42bccc,images/paintings/thumbnails/b96d9505-9871-4e8a-9c2c-af59ccbf84d2_thumb.png,images/paintings/thumbnails/019891ad-9dc1-7461-9253-b5825d42bccc_thumb.png
large,b96d9505-9871-4e8a-9c2c-af59ccbf84d2,019891ad-9dc1-7461-9253-b5825d42bccc,images/paintings/large/b96d9505-9871-4e8a-9c2c-af59ccbf84d2_large.png,images/paintings/large/019891ad-9dc1-7461-9253-b5825d42bccc_large.png
thumb,bb6cb814-15ed-4d7c-99d7-115f631afaa2,019891ad-9dc1-7b90-a629-796b44b0231e,images/paintings/thumbnails/bb6cb814-15ed-4d7c-99d7-115f631afaa2_thumb.png,images/paintings/thumbnails/019891ad-9dc1-7b90-a629-796b44b0231e_thumb.png
large,bb6cb814-15ed-4d7c-99d7-115f631afaa2,019891ad-9dc1-7b90-a629-796b44b0231e,images/paintings/large/bb6cb814-15ed-4d7c-99d7-115f631afaa2_large.png,images/paintings/large/019891ad-9dc1-7b90-a629-796b44b0231e_large.png
thumb,bbee4967-dc37-4c0c-9bee-f4f9173feb77,019891ad-9dc1-76b8-84d6-19255f466e70,images/paintings/thumbnails/bbee4967-dc37-4c0c-9bee-f4f9173feb77_thumb.png,images/paintings/thumbnails/019891ad-9dc1-76b8-84d6-19255f466e70_thumb.png
large,bbee4967-dc37-4c0c-9bee-f4f9173feb77,019891ad-9dc1-76b8-84d6-19255f466e70,images/paintings/large/bbee4967-dc37-4c0c-9bee-f4f9173feb77_large.png,images/paintings/large/019891ad-9dc1-76b8-84d6-19255f466e70_large.png
thumb,c1b2be6d-db50-45a6-bc17-d2df7a82b2c7,019891ad-9dc1-7def-8fd1-d3b9e51fc14c,images/paintings/thumbnails/c1b2be6d-db50-45a6-bc17-d2df7a82b2c7_thumb.png,images/paintings/thumbnails/019891ad-9dc1-7def-8fd1-d3b9e51fc14c_thumb.png
large,c1b2be6d-db50-45a6-bc17-d2df7a82b2c7,019891ad-9dc1-7def-8fd1-d3b9e51fc14c,images/paintings/large/c1b2be6d-db50-45a6-bc17-d2df7a82b2c7_large.png,images/paintings/large/019891ad-9dc1-7def-8fd1-d3b9e51fc14c_large.png
thumb,c2a84677-05f8-4ba8-adef-220d661b11b1,019891ad-9dc1-792b-a231-67c212f1d6f7,images/paintings/thumbnails/c2a84677-05f8-4ba8-adef-220d661b11b1_thumb.png,images/paintings/thumbnails/019891ad-9dc1-792b-a231-67c212f1d6f7_thumb.png
large,c2a84677-05f8-4ba8-adef-220d661b11b1,019891ad-9dc1-792b-a231-67c212f1d6f7,images/paintings/large/c2a84677-05f8-4ba8-adef-220d661b11b1_large.png,images/paintings/large/019891ad-9dc1-792b-a231-67c212f1d6f7_large.png
thumb,c837ba93-5c06-4b9e-a5df-68453c7ba254,019891ad-9dc1-7d71-82e9-a92970e4a7b7,images/paintings/thumbnails/c837ba93-5c06-4b9e-a5df-68453c7ba254_thumb.png,images/paintings/thumbnails/019891ad-9dc1-7d71-82e9-a92970e4a7b7_thumb.png
large,c837ba93-5c06-4b9e-a5df-68453c7ba254,019891ad-9dc1-7d71-82e9-a92970e4a7b7,images/paintings/large/c837ba93-5c06-4b9e-a5df-68453c7ba254_large.png,images/paintings/large/019891ad-9dc1-7d71-82e9-a92970e4a7b7_large.png
thumb,c86bc60d-1655-48b7-aa03-e0c5170c36f1,019891ad-9dc1-7dd9-9dd8-4c675f1f5457,images/paintings/thumbnails/c86bc60d-1655-48b7-aa03-e0c5170c36f1_thumb.png,images/paintings/thumbnails/019891ad-9dc1-7dd9-9dd8-4c675f1f5457_thumb.png
large,c86bc60d-1655-48b7-aa03-e0c5170c36f1,019891ad-9dc1-7dd9-9dd8-4c675f1f5457,images/paintings/large/c86bc60d-1655-48b7-aa03-e0c5170c36f1_large.png,images/paintings/large/019891ad-9dc1-7dd9-9dd8-4c675f1f5457_large.png
thumb,cacec0af-309b-46ff-b37c-c6a5247fa6bc,019891ad-9dc1-7d2f-925f-15a89d2b2472,images/paintings/thumbnails/cacec0af-309b-46ff-b37c-c6a5247fa6bc_thumb.png,images/paintings/thumbnails/019891ad-9dc1-7d2f-925f-15a89d2b2472_thumb.png
large,cacec0af-309b-46ff-b37c-c6a5247fa6bc,019891ad-9dc1-7d2f-925f-15a89d2b2472,images/paintings/large/cacec0af-309b-46ff-b37c-c6a5247fa6bc_large.png,images/paintings/large/019891ad-9dc1-7d2f-925f-15a89d2b2472_large.png
thumb,cc593fa4-0af0-4132-9223-43a5508bc890,019891ad-9dc1-7fcd-83d5-330271967404,images/paintings/thumbnails/cc593fa4-0af0-4132-9223-43a5508bc890_thumb.png,images/paintings/thumbnails/019891ad-9dc1-7fcd-83d5-330271967404_thumb.png
large,cc593fa4-0af0-4132-9223-43a5508bc890,019891ad-9dc1-7fcd-83d5-330271967404,images/paintings/large/cc593fa4-0af0-4132-9223-43a5508bc890_large.png,images/paintings/large/019891ad-9dc1-7fcd-83d5-330271967404_large.png
thumb,d1ed5bfc-c2ef-45fd-82c4-50db356e2c1b,019891ad-9dc1-7123-9987-1ad954913b33,images/paintings/thumbnails/d1ed5bfc-c2ef-45fd-82c4-50db356e2c1b_thumb.png,images/paintings/thumbnails/019891ad-9dc1-7123-9987-1ad954913b33_thumb.png
large,d1ed5bfc-c2ef-45fd-82c4-50db356e2c1b,019891ad-9dc1-7123-9987-1ad954913b33,images/paintings/large/d1ed5bfc-c2ef-45fd-82c4-50db356e2c1b_large.png,images/paintings/large/019891ad-9dc1-7123-9987-1ad954913b33_large.png
thumb,d2603ca2-1ce3-4d71-91b1-e80989e09fd5,019891ad-9dc1-7f70-a9c1-a1b81dd25630,images/paintings/thumbnails/d2603ca2-1ce3-4d71-91b1-e80989e09fd5_thumb.png,images/paintings/thumbnails/019891ad-9dc1-7f70-a9c1-a1b81dd25630_thumb.png
large,d2603ca2-1ce3-4d71-91b1-e80989e09fd5,019891ad-9dc1-7f70-a9c1-a1b81dd25630,images/paintings/large/d2603ca2-1ce3-4d71-91b1-e80989e09fd5_large.png,images/paintings/large/019891ad-9dc1-7f70-a9c1-a1b81dd25630_large.png
thumb,d4c91784-9b75-4761-80f5-69d337c68167,019891ad-9dc1-7d71-a316-8811ec292feb,images/paintings/thumbnails/d4c91784-9b75-4761-80f5-69d337c68167_thumb.png,images/paintings/thumbnails/019891ad-9dc1-7d71-a316-8811ec292feb_thumb.png
large,d4c91784-9b75-4761-80f5-69d337c68167,019891ad-9dc1-7d71-a316-8811ec292feb,images/paintings/large/d4c91784-9b75-4761-80f5-69d337c68167_large.png,images/paintings/large/019891ad-9dc1-7d71-a316-8811ec292feb_large.png
thumb,d76f62e0-2231-4d0f-88f7-2bd27bea56b1,019891ad-9dc1-745a-9908-c99b5ee463b2,images/paintings/thumbnails/d76f62e0-2231-4d0f-88f7-2bd27bea56b1_thumb.png,images/paintings/thumbnails/019891ad-9dc1-745a-9908-c99b5ee463b2_thumb.png
thumb,d8a30e05-9d48-4107-9499-7bb8236e3644,019891ad-9dc1-7e8e-a17f-a7fa9270500d,images/paintings/thumbnails/d8a30e05-9d48-4107-9499-7bb8236e3644_thumb.png,images/paintings/thumbnails/019891ad-9dc1-7e8e-a17f-a7fa9270500d_thumb.png
large,d8a30e05-9d48-4107-9499-7bb8236e3644,019891ad-9dc1-7e8e-a17f-a7fa9270500d,images/paintings/large/d8a30e05-9d48-4107-9499-7bb8236e3644_large.png,images/paintings/large/019891ad-9dc1-7e8e-a17f-a7fa9270500d_large.png
thumb,de68a6af-c812-4249-b2af-b51829fd1f91,019891ad-9dc1-74da-afea-abb80f936f82,images/paintings/thumbnails/de68a6af-c812-4249-b2af-b51829fd1f91_thumb.png,images/paintings/thumbnails/019891ad-9dc1-74da-afea-abb80f936f82_thumb.png
large,de68a6af-c812-4249-b2af-b51829fd1f91,019891ad-9dc1-74da-afea-abb80f936f82,images/paintings/large/de68a6af-c812-4249-b2af-b51829fd1f91_large.png,images/paintings/large/019891ad-9dc1-74da-afea-abb80f936f82_large.png
thumb,df99f2ff-a7bb-431f-9001-f2e8b07ba04f,019891ad-9dc1-7b77-8c7d-d1c477cd9630,images/paintings/thumbnails/df99f2ff-a7bb-431f-9001-f2e8b07ba04f_thumb.png,images/paintings/thumbnails/019891ad-9dc1-7b77-8c7d-d1c477cd9630_thumb.png
large,df99f2ff-a7bb-431f-9001-f2e8b07ba04f,019891ad-9dc1-7b77-8c7d-d1c477cd9630,images/paintings/large/df99f2ff-a7bb-431f-9001-f2e8b07ba04f_large.png,images/paintings/large/019891ad-9dc1-7b77-8c7d-d1c477cd9630_large.png
thumb,dff48e99-a87c-4719-a18d-f3291d6717bb,019891ad-9dc1-7084-a4c8-7a873a8843da,images/paintings/thumbnails/dff48e99-a87c-4719-a18d-f3291d6717bb_thumb.png,images/paintings/thumbnails/019891ad-9dc1-7084-a4c8-7a873a8843da_thumb.png
large,dff48e99-a87c-4719-a18d-f3291d6717bb,019891ad-9dc1-7084-a4c8-7a873a8843da,images/paintings/large/dff48e99-a87c-4719-a18d-f3291d6717bb_large.png,images/paintings/large/019891ad-9dc1-7084-a4c8-7a873a8843da_large.png
thumb,e0a34d0f-9bb3-4a6d-b9a0-e3dfc64cac51,019891ad-9dc1-7dd8-960a-0777fe5b6be3,images/paintings/thumbnails/e0a34d0f-9bb3-4a6d-b9a0-e3dfc64cac51_thumb.png,images/paintings/thumbnails/019891ad-9dc1-7dd8-960a-0777fe5b6be3_thumb.png
large,e0a34d0f-9bb3-4a6d-b9a0-e3dfc64cac51,019891ad-9dc1-7dd8-960a-0777fe5b6be3,images/paintings/large/e0a34d0f-9bb3-4a6d-b9a0-e3dfc64cac51_large.png,images/paintings/large/019891ad-9dc1-7dd8-960a-0777fe5b6be3_large.png
thumb,e79f1618-6d02-4106-9380-4291ab174aa7,019891ad-9dc1-7116-8b1f-c74b4c6753e0,images/paintings/thumbnails/e79f1618-6d02-4106-9380-4291ab174aa7_thumb.png,images/paintings/thumbnails/019891ad-9dc1-7116-8b1f-c74b4c6753e0_thumb.png
large,e79f1618-6d02-4106-9380-4291ab174aa7,019891ad-9dc1-7116-8b1f-c74b4c6753e0,images/paintings/large/e79f1618-6d02-4106-9380-4291ab174aa7_large.png,images/paintings/large/019891ad-9dc1-7116-8b1f-c74b4c6753e0_large.png
thumb,e7c40b95-cfb7-4672-82bf-f1dba70b334e,019891ad-9dc1-78a0-8c1f-1e0ccd3cc316,images/paintings/thumbnails/e7c40b95-cfb7-4672-82bf-f1dba70b334e_thumb.png,images/paintings/thumbnails/019891ad-9dc1-78a0-8c1f-1e0ccd3cc316_thumb.png
large,e7c40b95-cfb7-4672-82bf-f1dba70b334e,019891ad-9dc1-78a0-8c1f-1e0ccd3cc316,images/paintings/large/e7c40b95-cfb7-4672-82bf-f1dba70b334e_large.png,images/paintings/large/019891ad-9dc1-78a0-8c1f-1e0ccd3cc316_large.png
thumb,e8302169-8dab-4faa-97d1-8e98efde89bb,019891ad-9dc1-7500-ae17-8317e52092bf,images/paintings/thumbnails/e8302169-8dab-4faa-97d1-8e98efde89bb_thumb.png,images/paintings/thumbnails/019891ad-9dc1-7500-ae17-8317e52092bf_thumb.png
large,e8302169-8dab-4faa-97d1-8e98efde89bb,019891ad-9dc1-7500-ae17-8317e52092bf,images/paintings/large/e8302169-8dab-4faa-97d1-8e98efde89bb_large.png,images/paintings/large/019891ad-9dc1-7500-ae17-8317e52092bf_large.png
thumb,ece7874f-6ad2-4f77-9c90-6e4ba90bf874,019891ad-9dc1-7941-a75a-bfc626405ed4,images/paintings/thumbnails/ece7874f-6ad2-4f77-9c90-6e4ba90bf874_thumb.png,images/paintings/thumbnails/019891ad-9dc1-7941-a75a-bfc626405ed4_thumb.png
large,ece7874f-6ad2-4f77-9c90-6e4ba90bf874,019891ad-9dc1-7941-a75a-bfc626405ed4,images/paintings/large/ece7874f-6ad2-4f77-9c90-6e4ba90bf874_large.png,images/paintings/large/019891ad-9dc1-7941-a75a-bfc626405ed4_large.png
thumb,ee830b71-68f2-4f75-aa0a-6e4490fc4c3b,019891ad-9dc1-7bc1-ae98-9bcd65123b25,images/paintings/thumbnails/ee830b71-68f2-4f75-aa0a-6e4490fc4c3b_thumb.png,images/paintings/thumbnails/019891ad-9dc1-7bc1-ae98-9bcd65123b25_thumb.png
large,ee830b71-68f2-4f75-aa0a-6e4490fc4c3b,019891ad-9dc1-7bc1-ae98-9bcd65123b25,images/paintings/large/ee830b71-68f2-4f75-aa0a-6e4490fc4c3b_large.png,images/paintings/large/019891ad-9dc1-7bc1-ae98-9bcd65123b25_large.png
thumb,efa2aca1-97a4-4eb8-bf45-bc009261563b,019891ad-9dc1-7690-a2fa-3db09d5ac73b,images/paintings/thumbnails/efa2aca1-97a4-4eb8-bf45-bc009261563b_thumb.png,images/paintings/thumbnails/019891ad-9dc1-7690-a2fa-3db09d5ac73b_thumb.png
large,efa2aca1-97a4-4eb8-bf45-bc009261563b,019891ad-9dc1-7690-a2fa-3db09d5ac73b,images/paintings/large/efa2aca1-97a4-4eb8-bf45-bc009261563b_large.png,images/paintings/large/019891ad-9dc1-7690-a2fa-3db09d5ac73b_large.png
thumb,f33daf4a-5eeb-4a06-8573-e4aa8fbfb5bc,019891ad-9dc1-7f05-bec5-2ce5bbe3b3b9,images/paintings/thumbnails/f33daf4a-5eeb-4a06-8573-e4aa8fbfb5bc_thumb.png,images/paintings/thumbnails/019891ad-9dc1-7f05-bec5-2ce5bbe3b3b9_thumb.png
large,f33daf4a-5eeb-4a06-8573-e4aa8fbfb5bc,019891ad-9dc1-7f05-bec5-2ce5bbe3b3b9,images/paintings/large/f33daf4a-5eeb-4a06-8573-e4aa8fbfb5bc_large.png,images/paintings/large/019891ad-9dc1-7f05-bec5-2ce5bbe3b3b9_large.png
thumb,f489a418-36d4-4566-bff8-bac4d5b539da,019891ad-9dc1-7672-96cb-b7ec618842fc,images/paintings/thumbnails/f489a418-36d4-4566-bff8-bac4d5b539da_thumb.png,images/paintings/thumbnails/019891ad-9dc1-7672-96cb-b7ec618842fc_thumb.png
large,f489a418-36d4-4566-bff8-bac4d5b539da,019891ad-9dc1-7672-96cb-b7ec618842fc,images/paintings/large/f489a418-36d4-4566-bff8-bac4d5b539da_large.png,images/paintings/large/019891ad-9dc1-7672-96cb-b7ec618842fc_large.png
thumb,f4f7b3d8-607d-41ea-83f9-461a30c0721c,019891ad-9dc1-77e7-a024-e1272a9efbae,images/paintings/thumbnails/f4f7b3d8-607d-41ea-83f9-461a30c0721c_thumb.png,images/paintings/thumbnails/019891ad-9dc1-77e7-a024-e1272a9efbae_thumb.png
large,f4f7b3d8-607d-41ea-83f9-461a30c0721c,019891ad-9dc1-77e7-a024-e1272a9efbae,images/paintings/large/f4f7b3d8-607d-41ea-83f9-461a30c0721c_large.png,images/paintings/large/019891ad-9dc1-77e7-a024-e1272a9efbae_large.png
thumb,f9895a7a-62b4-4b9e-a9b3-4c651a39156e,019891ad-9dc1-70a5-9f0e-f3224ea211d8,images/paintings/thumbnails/f9895a7a-62b4-4b9e-a9b3-4c651a39156e_thumb.png,images/paintings/thumbnails/019891ad-9dc1-70a5-9f0e-f3224ea211d8_thumb.png
large,f9895a7a-62b4-4b9e-a9b3-4c651a39156e,019891ad-9dc1-70a5-9f0e-f3224ea211d8,images/paintings/large/f9895a7a-62b4-4b9e-a9b3-4c651a39156e_large.png,images/paintings/large/019891ad-9dc1-70a5-9f0e-f3224ea211d8_large.png
